idx,u1__v1,u1__v2,u1__v3,u1^2__v1,u1^2__v2,u1^2__v3,u1^3__v1,u1^3__v2,u1^3__v3,v1__v1,v1__v2,v1__v3,v1^2__v1,v1^2__v2,v1^2__v3,v1^3__v1,v1^3__v2,v1^3__v3,u2__v1,u2__v2,u2__v3,u2^2__v1,u2^2__v2,u2^2__v3,u2^3__v1,u2^3__v2,u2^3__v3,v2__v1,v2__v2,v2__v3,v2^2__v1,v2^2__v2,v2^2__v3,v2^3__v1,v2^3__v2,v2^3__v3,u3__v1,u3__v2,u3__v3,u3^2__v1,u3^2__v2,u3^2__v3,u3^3__v1,u3^3__v2,u3^3__v3,v3__v1,v3__v2,v3__v3,v3^2__v1,v3^2__v2,v3^2__v3,v3^3__v1,v3^3__v2,v3^3__v3,A*c__v1,A*c__v2,A*c__v3
0,-3.00E-01,-6.02E-05,0.00E+00,0.00E+00,0.00E+00,-2.19E-06,0.00E+00,0.00E+00,0.00E+00,-1.09E-02,-2.55E-05,0.00E+00,0.00E+00,0.00E+00,1.57E-05,0.00E+00,0.00E+00,0.00E+00,0.00E+00,-2.74E-01,0.00E+00,0.00E+00,0.00E+00,0.00E+00,0.00E+00,0.00E+00,0.00E+00,0.00E+00,0.00E+00,0.00E+00,0.00E+00,0.00E+00,0.00E+00,0.00E+00,0.00E+00,0.00E+00,0.00E+00,0.00E+00,-2.74E-01,0.00E+00,0.00E+00,0.00E+00,0.00E+00,0.00E+00,0.00E+00,0.00E+00,0.00E+00,0.00E+00,0.00E+00,0.00E+00,0.00E+00,0.00E+00,0.00E+00,0.00E+00,9.43E-01,2.20E-03,0.00E+00
1,-3.00E-01,-5.44E-05,0.00E+00,0.00E+00,0.00E+00,-2.21E-06,0.00E+00,0.00E+00,0.00E+00,-1.10E-02,-2.55E-05,0.00E+00,0.00E+00,0.00E+00,1.57E-05,0.00E+00,0.00E+00,0.00E+00,0.00E+00,-2.77E-01,0.00E+00,0.00E+00,0.00E+00,0.00E+00,0.00E+00,0.00E+00,0.00E+00,0.00E+00,0.00E+00,0.00E+00,0.00E+00,0.00E+00,0.00E+00,0.00E+00,0.00E+00,0.00E+00,0.00E+00,0.00E+00,-2.77E-01,0.00E+00,0.00E+00,0.00E+00,0.00E+00,0.00E+00,0.00E+00,0.00E+00,0.00E+00,0.00E+00,0.00E+00,0.00E+00,0.00E+00,0.00E+00,0.00E+00,0.00E+00,9.48E-01,2.21E-03,0.00E+00
2,-3.00E-01,-4.84E-05,0.00E+00,0.00E+00,0.00E+00,-2.23E-06,-2.02E-06,0.00E+00,0.00E+00,-1.09E-02,-2.55E-05,0.00E+00,0.00E+00,0.00E+00,1.56E-05,0.00E+00,0.00E+00,0.00E+00,0.00E+00,-2.79E-01,0.00E+00,0.00E+00,0.00E+00,0.00E+00,0.00E+00,0.00E+00,0.00E+00,0.00E+00,0.00E+00,0.00E+00,0.00E+00,0.00E+00,0.00E+00,0.00E+00,0.00E+00,0.00E+00,0.00E+00,0.00E+00,-2.79E-01,0.00E+00,0.00E+00,0.00E+00,0.00E+00,0.00E+00,0.00E+00,0.00E+00,0.00E+00,0.00E+00,0.00E+00,0.00E+00,0.00E+00,0.00E+00,0.00E+00,0.00E+00,9.43E-01,2.20E-03,0.00E+00
3,-3.00E-01,-4.16E-05,0.00E+00,0.00E+00,0.00E+00,-2.25E-06,-2.27E-06,-3.86E-09,0.00E+00,-1.10E-02,-2.53E-05,0.00E+00,0.00E+00,0.00E+00,1.56E-05,0.00E+00,0.00E+00,0.00E+00,0.00E+00,-2.82E-01,0.00E+00,0.00E+00,0.00E+00,0.00E+00,0.00E+00,0.00E+00,0.00E+00,0.00E+00,0.00E+00,0.00E+00,0.00E+00,0.00E+00,0.00E+00,0.00E+00,0.00E+00,0.00E+00,0.00E+00,0.00E+00,-2.82E-01,0.00E+00,0.00E+00,0.00E+00,0.00E+00,0.00E+00,0.00E+00,0.00E+00,0.00E+00,0.00E+00,0.00E+00,0.00E+00,0.00E+00,0.00E+00,0.00E+00,0.00E+00,9.46E-01,2.18E-03,0.00E+00
4,-3.00E-01,-2.94E-05,0.00E+00,0.00E+00,0.00E+00,-2.29E-06,-2.44E-06,-4.23E-09,0.00E+00,-1.10E-02,-2.52E-05,0.00E+00,0.00E+00,0.00E+00,1.58E-05,0.00E+00,0.00E+00,0.00E+00,0.00E+00,-2.87E-01,0.00E+00,0.00E+00,0.00E+00,0.00E+00,0.00E+00,0.00E+00,0.00E+00,0.00E+00,0.00E+00,0.00E+00,0.00E+00,0.00E+00,0.00E+00,0.00E+00,0.00E+00,0.00E+00,0.00E+00,0.00E+00,-2.87E-01,0.00E+00,0.00E+00,0.00E+00,0.00E+00,0.00E+00,0.00E+00,0.00E+00,0.00E+00,0.00E+00,0.00E+00,0.00E+00,0.00E+00,0.00E+00,0.00E+00,0.00E+00,9.53E-01,2.18E-03,0.00E+00
5,-3.00E-01,-2.32E-05,0.00E+00,0.00E+00,0.00E+00,-2.32E-06,-2.56E-06,-4.25E-09,0.00E+00,-1.10E-02,-2.48E-05,0.00E+00,0.00E+00,0.00E+00,1.58E-05,0.00E+00,0.00E+00,0.00E+00,0.00E+00,-2.90E-01,0.00E+00,0.00E+00,0.00E+00,0.00E+00,0.00E+00,0.00E+00,0.00E+00,0.00E+00,0.00E+00,0.00E+00,0.00E+00,0.00E+00,0.00E+00,0.00E+00,0.00E+00,0.00E+00,0.00E+00,0.00E+00,-2.90E-01,0.00E+00,0.00E+00,0.00E+00,0.00E+00,0.00E+00,0.00E+00,0.00E+00,0.00E+00,0.00E+00,0.00E+00,0.00E+00,0.00E+00,0.00E+00,0.00E+00,0.00E+00,9.52E-01,2.15E-03,0.00E+00
6,-3.00E-01,-1.67E-05,0.00E+00,0.00E+00,0.00E+00,-2.34E-06,-2.87E-06,-5.09E-09,0.00E+00,-1.10E-02,-2.44E-05,0.00E+00,0.00E+00,0.00E+00,1.58E-05,0.00E+00,0.00E+00,0.00E+00,0.00E+00,-2.93E-01,0.00E+00,0.00E+00,0.00E+00,0.00E+00,0.00E+00,0.00E+00,0.00E+00,0.00E+00,0.00E+00,0.00E+00,0.00E+00,0.00E+00,0.00E+00,0.00E+00,0.00E+00,0.00E+00,0.00E+00,0.00E+00,-2.93E-01,0.00E+00,0.00E+00,0.00E+00,0.00E+00,0.00E+00,0.00E+00,0.00E+00,0.00E+00,0.00E+00,0.00E+00,0.00E+00,0.00E+00,0.00E+00,0.00E+00,0.00E+00,9.50E-01,2.11E-03,0.00E+00
7,-3.00E-01,-1.07E-05,0.00E+00,0.00E+00,0.00E+00,-2.36E-06,-2.71E-06,-5.10E-09,0.00E+00,-1.10E-02,-2.42E-05,0.00E+00,0.00E+00,0.00E+00,1.58E-05,0.00E+00,0.00E+00,0.00E+00,0.00E+00,-2.95E-01,0.00E+00,0.00E+00,0.00E+00,0.00E+00,0.00E+00,0.00E+00,0.00E+00,0.00E+00,0.00E+00,0.00E+00,0.00E+00,0.00E+00,0.00E+00,0.00E+00,0.00E+00,0.00E+00,0.00E+00,0.00E+00,-2.95E-01,0.00E+00,0.00E+00,0.00E+00,0.00E+00,0.00E+00,0.00E+00,0.00E+00,0.00E+00,0.00E+00,0.00E+00,0.00E+00,0.00E+00,0.00E+00,0.00E+00,0.00E+00,9.52E-01,2.08E-03,0.00E+00
8,-3.00E-01,-4.66E-06,0.00E+00,0.00E+00,0.00E+00,-2.38E-06,-2.66E-06,-5.27E-09,0.00E+00,-1.10E-02,-2.40E-05,0.00E+00,0.00E+00,0.00E+00,1.58E-05,0.00E+00,0.00E+00,0.00E+00,0.00E+00,-2.98E-01,0.00E+00,0.00E+00,0.00E+00,0.00E+00,0.00E+00,0.00E+00,0.00E+00,0.00E+00,0.00E+00,0.00E+00,0.00E+00,0.00E+00,0.00E+00,0.00E+00,0.00E+00,0.00E+00,0.00E+00,0.00E+00,-2.98E-01,0.00E+00,0.00E+00,0.00E+00,0.00E+00,0.00E+00,0.00E+00,0.00E+00,0.00E+00,0.00E+00,0.00E+00,0.00E+00,0.00E+00,0.00E+00,0.00E+00,0.00E+00,9.46E-01,2.06E-03,0.00E+00
9,-3.00E-01,-4.69E-06,0.00E+00,0.00E+00,0.00E+00,-2.39E-06,-2.67E-06,-5.23E-09,0.00E+00,-1.10E-02,-2.41E-05,0.00E+00,0.00E+00,0.00E+00,1.58E-05,0.00E+00,0.00E+00,0.00E+00,0.00E+00,-2.98E-01,0.00E+00,0.00E+00,0.00E+00,0.00E+00,0.00E+00,0.00E+00,0.00E+00,0.00E+00,0.00E+00,0.00E+00,0.00E+00,0.00E+00,0.00E+00,0.00E+00,0.00E+00,0.00E+00,0.00E+00,0.00E+00,-2.98E-01,0.00E+00,0.00E+00,0.00E+00,0.00E+00,0.00E+00,0.00E+00,0.00E+00,0.00E+00,0.00E+00,0.00E+00,0.00E+00,0.00E+00,0.00E+00,0.00E+00,0.00E+00,9.47E-01,2.07E-03,0.00E+00
10,-3.00E-01,-4.70E-06,0.00E+00,0.00E+00,0.00E+00,-2.41E-06,-2.72E-06,-5.19E-09,0.00E+00,-1.10E-02,-2.43E-05,0.00E+00,0.00E+00,0.00E+00,1.58E-05,0.00E+00,0.00E+00,0.00E+00,0.00E+00,-2.98E-01,0.00E+00,0.00E+00,0.00E+00,0.00E+00,0.00E+00,0.00E+00,0.00E+00,0.00E+00,0.00E+00,0.00E+00,0.00E+00,0.00E+00,0.00E+00,0.00E+00,0.00E+00,0.00E+00,0.00E+00,0.00E+00,-2.98E-01,0.00E+00,0.00E+00,0.00E+00,0.00E+00,0.00E+00,0.00E+00,0.00E+00,0.00E+00,0.00E+00,0.00E+00,0.00E+00,0.00E+00,0.00E+00,0.00E+00,0.00E+00,9.52E-01,2.08E-03,0.00E+00
11,-3.00E-01,1.60E-06,0.00E+00,0.00E+00,0.00E+00,-2.40E-06,-2.76E-06,-5.67E-09,0.00E+00,-1.11E-02,-2.40E-05,0.00E+00,0.00E+00,0.00E+00,1.58E-05,0.00E+00,0.00E+00,0.00E+00,0.00E+00,-3.01E-01,0.00E+00,0.00E+00,0.00E+00,0.00E+00,0.00E+00,0.00E+00,0.00E+00,0.00E+00,0.00E+00,0.00E+00,0.00E+00,0.00E+00,0.00E+00,0.00E+00,0.00E+00,0.00E+00,0.00E+00,0.00E+00,-3.01E-01,0.00E+00,0.00E+00,0.00E+00,0.00E+00,0.00E+00,0.00E+00,0.00E+00,0.00E+00,0.00E+00,0.00E+00,0.00E+00,0.00E+00,0.00E+00,0.00E+00,0.00E+00,9.55E-01,2.07E-03,0.00E+00
12,-3.00E-01,1.65E-06,0.00E+00,0.00E+00,0.00E+00,-2.40E-06,-2.78E-06,-5.70E-09,0.00E+00,-1.10E-02,-2.44E-05,0.00E+00,0.00E+00,0.00E+00,1.58E-05,0.00E+00,0.00E+00,0.00E+00,0.00E+00,-3.01E-01,0.00E+00,0.00E+00,0.00E+00,0.00E+00,0.00E+00,0.00E+00,0.00E+00,0.00E+00,0.00E+00,0.00E+00,0.00E+00,0.00E+00,0.00E+00,0.00E+00,0.00E+00,0.00E+00,0.00E+00,0.00E+00,-3.01E-01,0.00E+00,0.00E+00,0.00E+00,0.00E+00,0.00E+00,0.00E+00,0.00E+00,0.00E+00,0.00E+00,0.00E+00,0.00E+00,0.00E+00,0.00E+00,0.00E+00,0.00E+00,9.53E-01,2.09E-03,0.00E+00
13,-3.00E-01,0.00E+00,0.00E+00,0.00E+00,0.00E+00,-2.40E-06,-2.77E-06,-4.21E-09,0.00E+00,-1.10E-02,-2.28E-05,0.00E+00,0.00E+00,0.00E+00,1.58E-05,0.00E+00,0.00E+00,0.00E+00,0.00E+00,-3.01E-01,0.00E+00,0.00E+00,0.00E+00,0.00E+00,0.00E+00,0.00E+00,0.00E+00,0.00E+00,0.00E+00,0.00E+00,0.00E+00,0.00E+00,0.00E+00,0.00E+00,0.00E+00,0.00E+00,0.00E+00,0.00E+00,-3.01E-01,0.00E+00,0.00E+00,0.00E+00,0.00E+00,0.00E+00,0.00E+00,0.00E+00,0.00E+00,0.00E+00,0.00E+00,0.00E+00,0.00E+00,0.00E+00,0.00E+00,0.00E+00,9.53E-01,1.96E-03,0.00E+00
14,-3.00E-01,0.00E+00,0.00E+00,0.00E+00,0.00E+00,-2.40E-06,-2.73E-06,-4.19E-09,0.00E+00,-1.10E-02,-2.31E-05,0.00E+00,0.00E+00,0.00E+00,1.57E-05,0.00E+00,0.00E+00,0.00E+00,0.00E+00,-3.01E-01,0.00E+00,0.00E+00,0.00E+00,0.00E+00,0.00E+00,0.00E+00,0.00E+00,0.00E+00,0.00E+00,0.00E+00,0.00E+00,0.00E+00,0.00E+00,0.00E+00,0.00E+00,0.00E+00,0.00E+00,0.00E+00,-3.01E-01,0.00E+00,0.00E+00,0.00E+00,0.00E+00,0.00E+00,0.00E+00,0.00E+00,0.00E+00,0.00E+00,0.00E+00,0.00E+00,0.00E+00,0.00E+00,0.00E+00,0.00E+00,9.51E-01,1.98E-03,0.00E+00
15,-3.00E-01,0.00E+00,0.00E+00,0.00E+00,0.00E+00,-2.42E-06,-2.68E-06,-4.11E-09,0.00E+00,-1.09E-02,-2.34E-05,0.00E+00,0.00E+00,0.00E+00,1.58E-05,0.00E+00,0.00E+00,0.00E+00,0.00E+00,-3.01E-01,0.00E+00,0.00E+00,0.00E+00,0.00E+00,0.00E+00,0.00E+00,0.00E+00,0.00E+00,0.00E+00,0.00E+00,0.00E+00,0.00E+00,0.00E+00,0.00E+00,0.00E+00,0.00E+00,0.00E+00,0.00E+00,-3.01E-01,0.00E+00,0.00E+00,0.00E+00,0.00E+00,0.00E+00,0.00E+00,0.00E+00,0.00E+00,0.00E+00,0.00E+00,0.00E+00,0.00E+00,0.00E+00,0.00E+00,0.00E+00,9.46E-01,2.01E-03,0.00E+00
16,-3.00E-01,7.44E-06,0.00E+00,0.00E+00,0.00E+00,-2.42E-06,-2.64E-06,-5.55E-09,0.00E+00,-1.09E-02,-2.43E-05,0.00E+00,0.00E+00,0.00E+00,1.58E-05,0.00E+00,0.00E+00,0.00E+00,0.00E+00,-3.03E-01,0.00E+00,0.00E+00,0.00E+00,0.00E+00,0.00E+00,0.00E+00,0.00E+00,0.00E+00,0.00E+00,0.00E+00,0.00E+00,0.00E+00,0.00E+00,0.00E+00,0.00E+00,0.00E+00,0.00E+00,0.00E+00,-3.03E-01,0.00E+00,0.00E+00,0.00E+00,0.00E+00,0.00E+00,0.00E+00,0.00E+00,0.00E+00,0.00E+00,0.00E+00,0.00E+00,0.00E+00,0.00E+00,0.00E+00,0.00E+00,9.43E-01,2.10E-03,0.00E+00
17,-3.00E-01,7.56E-06,0.00E+00,0.00E+00,0.00E+00,-2.42E-06,-2.66E-06,-5.54E-09,0.00E+00,-1.10E-02,-2.47E-05,0.00E+00,0.00E+00,0.00E+00,1.58E-05,0.00E+00,0.00E+00,0.00E+00,0.00E+00,-3.03E-01,0.00E+00,0.00E+00,0.00E+00,0.00E+00,0.00E+00,0.00E+00,0.00E+00,0.00E+00,0.00E+00,0.00E+00,0.00E+00,0.00E+00,0.00E+00,0.00E+00,0.00E+00,0.00E+00,0.00E+00,0.00E+00,-3.03E-01,0.00E+00,0.00E+00,0.00E+00,0.00E+00,0.00E+00,0.00E+00,0.00E+00,0.00E+00,0.00E+00,0.00E+00,0.00E+00,0.00E+00,0.00E+00,0.00E+00,0.00E+00,9.53E-01,2.13E-03,0.00E+00
18,-3.00E-01,7.69E-06,0.00E+00,0.00E+00,0.00E+00,-2.42E-06,-2.71E-06,-5.63E-09,0.00E+00,-1.11E-02,-2.48E-05,0.00E+00,0.00E+00,0.00E+00,1.57E-05,0.00E+00,0.00E+00,0.00E+00,0.00E+00,-3.03E-01,0.00E+00,0.00E+00,0.00E+00,0.00E+00,0.00E+00,0.00E+00,0.00E+00,0.00E+00,0.00E+00,0.00E+00,0.00E+00,0.00E+00,0.00E+00,0.00E+00,0.00E+00,0.00E+00,0.00E+00,0.00E+00,-3.03E-01,0.00E+00,0.00E+00,0.00E+00,0.00E+00,0.00E+00,0.00E+00,0.00E+00,0.00E+00,0.00E+00,0.00E+00,0.00E+00,0.00E+00,0.00E+00,0.00E+00,0.00E+00,9.55E-01,2.14E-03,0.00E+00
19,-3.00E-01,7.78E-06,0.00E+00,0.00E+00,0.00E+00,-2.42E-06,-2.78E-06,-5.76E-09,0.00E+00,-1.10E-02,-2.48E-05,0.00E+00,0.00E+00,0.00E+00,1.57E-05,0.00E+00,0.00E+00,0.00E+00,0.00E+00,-3.03E-01,0.00E+00,0.00E+00,0.00E+00,0.00E+00,0.00E+00,0.00E+00,0.00E+00,0.00E+00,0.00E+00,0.00E+00,0.00E+00,0.00E+00,0.00E+00,0.00E+00,0.00E+00,0.00E+00,0.00E+00,0.00E+00,-3.03E-01,0.00E+00,0.00E+00,0.00E+00,0.00E+00,0.00E+00,0.00E+00,0.00E+00,0.00E+00,0.00E+00,0.00E+00,0.00E+00,0.00E+00,0.00E+00,0.00E+00,0.00E+00,9.52E-01,2.14E-03,0.00E+00
20,-3.00E-01,7.74E-06,0.00E+00,0.00E+00,0.00E+00,-2.42E-06,-2.74E-06,-5.63E-09,0.00E+00,-1.10E-02,-2.48E-05,0.00E+00,0.00E+00,0.00E+00,1.57E-05,0.00E+00,0.00E+00,0.00E+00,0.00E+00,-3.03E-01,0.00E+00,0.00E+00,0.00E+00,0.00E+00,0.00E+00,0.00E+00,0.00E+00,0.00E+00,0.00E+00,0.00E+00,0.00E+00,0.00E+00,0.00E+00,0.00E+00,0.00E+00,0.00E+00,0.00E+00,0.00E+00,-3.03E-01,0.00E+00,0.00E+00,0.00E+00,0.00E+00,0.00E+00,0.00E+00,0.00E+00,0.00E+00,0.00E+00,0.00E+00,0.00E+00,0.00E+00,0.00E+00,0.00E+00,0.00E+00,9.51E-01,2.14E-03,0.00E+00
21,-3.00E-01,1.38E-05,0.00E+00,0.00E+00,0.00E+00,-2.44E-06,-2.55E-06,-5.72E-09,0.00E+00,-1.10E-02,-2.47E-05,0.00E+00,0.00E+00,0.00E+00,1.58E-05,0.00E+00,0.00E+00,0.00E+00,0.00E+00,-3.06E-01,0.00E+00,0.00E+00,0.00E+00,0.00E+00,0.00E+00,0.00E+00,0.00E+00,0.00E+00,0.00E+00,0.00E+00,0.00E+00,0.00E+00,0.00E+00,0.00E+00,0.00E+00,0.00E+00,0.00E+00,0.00E+00,-3.06E-01,0.00E+00,0.00E+00,0.00E+00,0.00E+00,0.00E+00,0.00E+00,0.00E+00,0.00E+00,0.00E+00,0.00E+00,0.00E+00,0.00E+00,0.00E+00,0.00E+00,0.00E+00,9.48E-01,2.13E-03,0.00E+00
22,-3.00E-01,1.37E-05,0.00E+00,0.00E+00,0.00E+00,-2.44E-06,-2.43E-06,-5.40E-09,0.00E+00,-1.10E-02,-2.48E-05,0.00E+00,0.00E+00,0.00E+00,1.58E-05,0.00E+00,0.00E+00,0.00E+00,0.00E+00,-3.06E-01,0.00E+00,0.00E+00,0.00E+00,0.00E+00,0.00E+00,0.00E+00,0.00E+00,0.00E+00,0.00E+00,0.00E+00,0.00E+00,0.00E+00,0.00E+00,0.00E+00,0.00E+00,0.00E+00,0.00E+00,0.00E+00,-3.06E-01,0.00E+00,0.00E+00,0.00E+00,0.00E+00,0.00E+00,0.00E+00,0.00E+00,0.00E+00,0.00E+00,0.00E+00,0.00E+00,0.00E+00,0.00E+00,0.00E+00,0.00E+00,9.46E-01,2.14E-03,0.00E+00
23,-3.00E-01,1.36E-05,0.00E+00,0.00E+00,0.00E+00,-2.44E-06,-2.33E-06,-5.09E-09,0.00E+00,-1.10E-02,-2.49E-05,0.00E+00,0.00E+00,0.00E+00,1.57E-05,0.00E+00,0.00E+00,0.00E+00,0.00E+00,-3.06E-01,0.00E+00,0.00E+00,0.00E+00,0.00E+00,0.00E+00,0.00E+00,0.00E+00,0.00E+00,0.00E+00,0.00E+00,0.00E+00,0.00E+00,0.00E+00,0.00E+00,0.00E+00,0.00E+00,0.00E+00,0.00E+00,-3.06E-01,0.00E+00,0.00E+00,0.00E+00,0.00E+00,0.00E+00,0.00E+00,0.00E+00,0.00E+00,0.00E+00,0.00E+00,0.00E+00,0.00E+00,0.00E+00,0.00E+00,0.00E+00,9.46E-01,2.15E-03,0.00E+00
24,-3.00E-01,1.37E-05,0.00E+00,0.00E+00,0.00E+00,-2.44E-06,-2.32E-06,-4.99E-09,0.00E+00,-1.10E-02,-2.50E-05,0.00E+00,0.00E+00,0.00E+00,1.57E-05,0.00E+00,0.00E+00,0.00E+00,0.00E+00,-3.06E-01,0.00E+00,0.00E+00,0.00E+00,0.00E+00,0.00E+00,0.00E+00,0.00E+00,0.00E+00,0.00E+00,0.00E+00,0.00E+00,0.00E+00,0.00E+00,0.00E+00,0.00E+00,0.00E+00,0.00E+00,0.00E+00,-3.06E-01,0.00E+00,0.00E+00,0.00E+00,0.00E+00,0.00E+00,0.00E+00,0.00E+00,0.00E+00,0.00E+00,0.00E+00,0.00E+00,0.00E+00,0.00E+00,0.00E+00,0.00E+00,9.47E-01,2.16E-03,0.00E+00
25,-3.00E-01,2.00E-05,0.00E+00,0.00E+00,0.00E+00,-2.46E-06,-2.21E-06,-4.78E-09,0.00E+00,-1.09E-02,-2.52E-05,0.00E+00,0.00E+00,0.00E+00,1.57E-05,0.00E+00,0.00E+00,0.00E+00,0.00E+00,-3.09E-01,0.00E+00,0.00E+00,0.00E+00,0.00E+00,0.00E+00,0.00E+00,0.00E+00,0.00E+00,0.00E+00,0.00E+00,0.00E+00,0.00E+00,0.00E+00,0.00E+00,0.00E+00,0.00E+00,0.00E+00,0.00E+00,-3.09E-01,0.00E+00,0.00E+00,0.00E+00,0.00E+00,0.00E+00,0.00E+00,0.00E+00,0.00E+00,0.00E+00,0.00E+00,0.00E+00,0.00E+00,0.00E+00,0.00E+00,0.00E+00,9.44E-01,2.17E-03,0.00E+00
26,-3.01E-01,2.64E-05,0.00E+00,0.00E+00,0.00E+00,-2.48E-06,0.00E+00,-4.13E-09,0.00E+00,-1.08E-02,-2.52E-05,0.00E+00,0.00E+00,0.00E+00,1.57E-05,0.00E+00,-1.77E-09,0.00E+00,0.00E+00,-3.11E-01,0.00E+00,0.00E+00,0.00E+00,0.00E+00,0.00E+00,0.00E+00,0.00E+00,0.00E+00,0.00E+00,0.00E+00,0.00E+00,0.00E+00,0.00E+00,0.00E+00,0.00E+00,0.00E+00,0.00E+00,0.00E+00,-3.11E-01,0.00E+00,0.00E+00,0.00E+00,0.00E+00,0.00E+00,0.00E+00,0.00E+00,0.00E+00,0.00E+00,0.00E+00,0.00E+00,0.00E+00,0.00E+00,0.00E+00,0.00E+00,9.31E-01,2.18E-03,0.00E+00
27,-3.00E-01,3.20E-05,0.00E+00,0.00E+00,0.00E+00,-2.50E-06,0.00E+00,0.00E+00,0.00E+00,-1.08E-02,-2.51E-05,0.00E+00,0.00E+00,0.00E+00,1.57E-05,0.00E+00,0.00E+00,0.00E+00,0.00E+00,-3.14E-01,0.00E+00,0.00E+00,0.00E+00,0.00E+00,0.00E+00,0.00E+00,0.00E+00,0.00E+00,0.00E+00,0.00E+00,0.00E+00,0.00E+00,0.00E+00,0.00E+00,0.00E+00,0.00E+00,0.00E+00,0.00E+00,-3.14E-01,0.00E+00,0.00E+00,0.00E+00,0.00E+00,0.00E+00,0.00E+00,0.00E+00,0.00E+00,0.00E+00,0.00E+00,0.00E+00,0.00E+00,0.00E+00,0.00E+00,0.00E+00,9.29E-01,2.16E-03,0.00E+00
28,-3.01E-01,-5.71E-05,0.00E+00,0.00E+00,0.00E+00,-2.19E-06,0.00E+00,-4.16E-09,0.00E+00,-1.11E-02,-2.40E-05,0.00E+00,0.00E+00,0.00E+00,1.57E-05,0.00E+00,0.00E+00,0.00E+00,0.00E+00,-2.74E-01,0.00E+00,0.00E+00,0.00E+00,0.00E+00,0.00E+00,0.00E+00,0.00E+00,0.00E+00,0.00E+00,0.00E+00,0.00E+00,0.00E+00,0.00E+00,0.00E+00,0.00E+00,0.00E+00,0.00E+00,0.00E+00,-2.74E-01,0.00E+00,0.00E+00,0.00E+00,0.00E+00,0.00E+00,0.00E+00,0.00E+00,0.00E+00,0.00E+00,0.00E+00,0.00E+00,0.00E+00,0.00E+00,0.00E+00,0.00E+00,9.61E-01,2.08E-03,0.00E+00
29,-3.01E-01,-5.10E-05,0.00E+00,0.00E+00,0.00E+00,-2.21E-06,0.00E+00,-4.24E-09,0.00E+00,-1.12E-02,-2.38E-05,0.00E+00,0.00E+00,0.00E+00,1.56E-05,0.00E+00,0.00E+00,0.00E+00,0.00E+00,-2.77E-01,0.00E+00,0.00E+00,0.00E+00,0.00E+00,0.00E+00,0.00E+00,0.00E+00,0.00E+00,0.00E+00,0.00E+00,0.00E+00,0.00E+00,0.00E+00,0.00E+00,0.00E+00,0.00E+00,0.00E+00,0.00E+00,-2.77E-01,0.00E+00,0.00E+00,0.00E+00,0.00E+00,0.00E+00,0.00E+00,0.00E+00,0.00E+00,0.00E+00,0.00E+00,0.00E+00,0.00E+00,0.00E+00,0.00E+00,0.00E+00,9.68E-01,2.06E-03,0.00E+00
30,-3.00E-01,-4.48E-05,0.00E+00,0.00E+00,0.00E+00,-2.23E-06,-2.42E-06,-4.36E-09,0.00E+00,-1.09E-02,-2.34E-05,0.00E+00,0.00E+00,0.00E+00,1.56E-05,0.00E+00,0.00E+00,0.00E+00,0.00E+00,-2.79E-01,0.00E+00,0.00E+00,0.00E+00,0.00E+00,0.00E+00,0.00E+00,0.00E+00,0.00E+00,0.00E+00,0.00E+00,0.00E+00,0.00E+00,0.00E+00,0.00E+00,0.00E+00,0.00E+00,0.00E+00,0.00E+00,-2.79E-01,0.00E+00,0.00E+00,0.00E+00,0.00E+00,0.00E+00,0.00E+00,0.00E+00,0.00E+00,0.00E+00,0.00E+00,0.00E+00,0.00E+00,0.00E+00,0.00E+00,0.00E+00,9.42E-01,2.02E-03,0.00E+00
31,-3.00E-01,-3.90E-05,0.00E+00,0.00E+00,0.00E+00,-2.25E-06,-2.50E-06,-3.99E-09,0.00E+00,-1.10E-02,-2.30E-05,0.00E+00,0.00E+00,0.00E+00,1.56E-05,0.00E+00,0.00E+00,0.00E+00,0.00E+00,-2.82E-01,0.00E+00,0.00E+00,0.00E+00,0.00E+00,0.00E+00,0.00E+00,0.00E+00,0.00E+00,0.00E+00,0.00E+00,0.00E+00,0.00E+00,0.00E+00,0.00E+00,0.00E+00,0.00E+00,0.00E+00,0.00E+00,-2.82E-01,0.00E+00,0.00E+00,0.00E+00,0.00E+00,0.00E+00,0.00E+00,0.00E+00,0.00E+00,0.00E+00,0.00E+00,0.00E+00,0.00E+00,0.00E+00,0.00E+00,0.00E+00,9.45E-01,1.99E-03,0.00E+00
32,-3.00E-01,-2.71E-05,0.00E+00,0.00E+00,0.00E+00,-2.29E-06,-2.62E-06,-4.02E-09,0.00E+00,-1.10E-02,-2.23E-05,0.00E+00,0.00E+00,0.00E+00,1.58E-05,0.00E+00,0.00E+00,0.00E+00,0.00E+00,-2.87E-01,0.00E+00,0.00E+00,0.00E+00,0.00E+00,0.00E+00,0.00E+00,0.00E+00,0.00E+00,0.00E+00,0.00E+00,0.00E+00,0.00E+00,0.00E+00,0.00E+00,0.00E+00,0.00E+00,0.00E+00,0.00E+00,-2.87E-01,0.00E+00,0.00E+00,0.00E+00,0.00E+00,0.00E+00,0.00E+00,0.00E+00,0.00E+00,0.00E+00,0.00E+00,0.00E+00,0.00E+00,0.00E+00,0.00E+00,0.00E+00,9.52E-01,1.94E-03,0.00E+00
33,-3.00E-01,-2.16E-05,0.00E+00,0.00E+00,0.00E+00,-2.32E-06,-2.66E-06,-3.49E-09,0.00E+00,-1.10E-02,-2.13E-05,0.00E+00,0.00E+00,0.00E+00,1.58E-05,0.00E+00,0.00E+00,0.00E+00,0.00E+00,-2.90E-01,0.00E+00,0.00E+00,0.00E+00,0.00E+00,0.00E+00,0.00E+00,0.00E+00,0.00E+00,0.00E+00,0.00E+00,0.00E+00,0.00E+00,0.00E+00,0.00E+00,0.00E+00,0.00E+00,0.00E+00,0.00E+00,-2.90E-01,0.00E+00,0.00E+00,0.00E+00,0.00E+00,0.00E+00,0.00E+00,0.00E+00,0.00E+00,0.00E+00,0.00E+00,0.00E+00,0.00E+00,0.00E+00,0.00E+00,0.00E+00,9.52E-01,1.85E-03,0.00E+00
34,-3.00E-01,-1.60E-05,0.00E+00,0.00E+00,0.00E+00,-2.35E-06,-2.76E-06,-3.39E-09,0.00E+00,-1.10E-02,-2.00E-05,0.00E+00,0.00E+00,0.00E+00,1.58E-05,0.00E+00,0.00E+00,0.00E+00,0.00E+00,-2.93E-01,0.00E+00,0.00E+00,0.00E+00,0.00E+00,0.00E+00,0.00E+00,0.00E+00,0.00E+00,0.00E+00,0.00E+00,0.00E+00,0.00E+00,0.00E+00,0.00E+00,0.00E+00,0.00E+00,0.00E+00,0.00E+00,-2.93E-01,0.00E+00,0.00E+00,0.00E+00,0.00E+00,0.00E+00,0.00E+00,0.00E+00,0.00E+00,0.00E+00,0.00E+00,0.00E+00,0.00E+00,0.00E+00,0.00E+00,0.00E+00,9.49E-01,1.74E-03,0.00E+00
35,-3.00E-01,-1.11E-05,0.00E+00,0.00E+00,0.00E+00,-2.38E-06,-2.72E-06,-3.12E-09,0.00E+00,-1.10E-02,-1.87E-05,0.00E+00,0.00E+00,0.00E+00,1.58E-05,0.00E+00,0.00E+00,0.00E+00,0.00E+00,-2.95E-01,0.00E+00,0.00E+00,0.00E+00,0.00E+00,0.00E+00,0.00E+00,0.00E+00,0.00E+00,0.00E+00,0.00E+00,0.00E+00,0.00E+00,0.00E+00,0.00E+00,0.00E+00,0.00E+00,0.00E+00,0.00E+00,-2.95E-01,0.00E+00,0.00E+00,0.00E+00,0.00E+00,0.00E+00,0.00E+00,0.00E+00,0.00E+00,0.00E+00,0.00E+00,0.00E+00,0.00E+00,0.00E+00,0.00E+00,0.00E+00,9.51E-01,1.62E-03,0.00E+00
36,-3.00E-01,-6.44E-06,0.00E+00,0.00E+00,0.00E+00,-2.40E-06,-2.68E-06,-3.02E-09,0.00E+00,-1.10E-02,-1.73E-05,0.00E+00,0.00E+00,0.00E+00,1.58E-05,0.00E+00,0.00E+00,0.00E+00,0.00E+00,-2.98E-01,0.00E+00,0.00E+00,0.00E+00,0.00E+00,0.00E+00,0.00E+00,0.00E+00,0.00E+00,0.00E+00,0.00E+00,0.00E+00,0.00E+00,0.00E+00,0.00E+00,0.00E+00,0.00E+00,0.00E+00,0.00E+00,-2.98E-01,0.00E+00,0.00E+00,0.00E+00,0.00E+00,0.00E+00,0.00E+00,0.00E+00,0.00E+00,0.00E+00,0.00E+00,0.00E+00,0.00E+00,0.00E+00,0.00E+00,0.00E+00,9.50E-01,1.50E-03,0.00E+00
37,-3.00E-01,-6.67E-06,0.00E+00,0.00E+00,0.00E+00,-2.41E-06,-2.71E-06,-2.98E-09,0.00E+00,-1.10E-02,-1.74E-05,0.00E+00,0.00E+00,0.00E+00,1.58E-05,0.00E+00,0.00E+00,0.00E+00,0.00E+00,-2.98E-01,0.00E+00,0.00E+00,0.00E+00,0.00E+00,0.00E+00,0.00E+00,0.00E+00,0.00E+00,0.00E+00,0.00E+00,0.00E+00,0.00E+00,0.00E+00,0.00E+00,0.00E+00,0.00E+00,0.00E+00,0.00E+00,-2.98E-01,0.00E+00,0.00E+00,0.00E+00,0.00E+00,0.00E+00,0.00E+00,0.00E+00,0.00E+00,0.00E+00,0.00E+00,0.00E+00,0.00E+00,0.00E+00,0.00E+00,0.00E+00,9.52E-01,1.50E-03,0.00E+00
38,-3.00E-01,-6.88E-06,0.00E+00,0.00E+00,0.00E+00,-2.42E-06,-2.73E-06,-2.93E-09,0.00E+00,-1.10E-02,-1.75E-05,0.00E+00,0.00E+00,0.00E+00,1.58E-05,0.00E+00,0.00E+00,0.00E+00,0.00E+00,-2.98E-01,0.00E+00,0.00E+00,0.00E+00,0.00E+00,0.00E+00,0.00E+00,0.00E+00,0.00E+00,0.00E+00,0.00E+00,0.00E+00,0.00E+00,0.00E+00,0.00E+00,0.00E+00,0.00E+00,0.00E+00,0.00E+00,-2.98E-01,0.00E+00,0.00E+00,0.00E+00,0.00E+00,0.00E+00,0.00E+00,0.00E+00,0.00E+00,0.00E+00,0.00E+00,0.00E+00,0.00E+00,0.00E+00,0.00E+00,0.00E+00,9.52E-01,1.49E-03,0.00E+00
39,-3.00E-01,-7.94E-07,0.00E+00,0.00E+00,-9.10E-08,-2.41E-06,-2.76E-06,-3.47E-09,0.00E+00,-1.10E-02,-1.61E-05,0.00E+00,0.00E+00,0.00E+00,1.59E-05,0.00E+00,-5.11E-10,0.00E+00,0.00E+00,-3.01E-01,0.00E+00,0.00E+00,0.00E+00,0.00E+00,0.00E+00,0.00E+00,0.00E+00,0.00E+00,0.00E+00,0.00E+00,0.00E+00,0.00E+00,0.00E+00,0.00E+00,0.00E+00,0.00E+00,0.00E+00,0.00E+00,-3.01E-01,0.00E+00,0.00E+00,0.00E+00,0.00E+00,0.00E+00,0.00E+00,0.00E+00,0.00E+00,0.00E+00,0.00E+00,0.00E+00,0.00E+00,0.00E+00,0.00E+00,0.00E+00,9.53E-01,1.43E-03,0.00E+00
40,-3.00E-01,0.00E+00,0.00E+00,0.00E+00,0.00E+00,-2.42E-06,-2.76E-06,-3.83E-09,0.00E+00,-1.10E-02,-1.69E-05,0.00E+00,0.00E+00,0.00E+00,1.58E-05,0.00E+00,0.00E+00,0.00E+00,0.00E+00,-3.01E-01,0.00E+00,0.00E+00,0.00E+00,0.00E+00,0.00E+00,0.00E+00,0.00E+00,0.00E+00,0.00E+00,0.00E+00,0.00E+00,0.00E+00,0.00E+00,0.00E+00,0.00E+00,0.00E+00,0.00E+00,0.00E+00,-3.01E-01,0.00E+00,0.00E+00,0.00E+00,0.00E+00,0.00E+00,0.00E+00,0.00E+00,0.00E+00,0.00E+00,0.00E+00,0.00E+00,0.00E+00,0.00E+00,0.00E+00,0.00E+00,9.52E-01,1.46E-03,0.00E+00
41,-3.00E-01,0.00E+00,0.00E+00,0.00E+00,0.00E+00,-2.43E-06,-2.73E-06,-3.85E-09,0.00E+00,-1.10E-02,-1.71E-05,0.00E+00,0.00E+00,0.00E+00,1.58E-05,0.00E+00,0.00E+00,0.00E+00,0.00E+00,-3.01E-01,0.00E+00,0.00E+00,0.00E+00,0.00E+00,0.00E+00,0.00E+00,0.00E+00,0.00E+00,0.00E+00,0.00E+00,0.00E+00,0.00E+00,0.00E+00,0.00E+00,0.00E+00,0.00E+00,0.00E+00,0.00E+00,-3.01E-01,0.00E+00,0.00E+00,0.00E+00,0.00E+00,0.00E+00,0.00E+00,0.00E+00,0.00E+00,0.00E+00,0.00E+00,0.00E+00,0.00E+00,0.00E+00,0.00E+00,0.00E+00,9.52E-01,1.47E-03,0.00E+00
42,-3.00E-01,0.00E+00,0.00E+00,0.00E+00,0.00E+00,-2.44E-06,-2.71E-06,-3.86E-09,0.00E+00,-1.10E-02,-1.75E-05,0.00E+00,0.00E+00,0.00E+00,1.59E-05,0.00E+00,0.00E+00,0.00E+00,0.00E+00,-3.01E-01,0.00E+00,0.00E+00,0.00E+00,0.00E+00,0.00E+00,0.00E+00,0.00E+00,0.00E+00,0.00E+00,0.00E+00,0.00E+00,0.00E+00,0.00E+00,0.00E+00,0.00E+00,0.00E+00,0.00E+00,0.00E+00,-3.01E-01,0.00E+00,0.00E+00,0.00E+00,0.00E+00,0.00E+00,0.00E+00,0.00E+00,0.00E+00,0.00E+00,0.00E+00,0.00E+00,0.00E+00,0.00E+00,0.00E+00,0.00E+00,9.50E-01,1.49E-03,0.00E+00
43,-3.00E-01,0.00E+00,0.00E+00,0.00E+00,0.00E+00,-2.45E-06,-2.71E-06,-3.88E-09,0.00E+00,-1.10E-02,-1.79E-05,0.00E+00,0.00E+00,0.00E+00,1.58E-05,0.00E+00,0.00E+00,0.00E+00,0.00E+00,-3.01E-01,0.00E+00,0.00E+00,0.00E+00,0.00E+00,0.00E+00,0.00E+00,0.00E+00,0.00E+00,0.00E+00,0.00E+00,0.00E+00,0.00E+00,0.00E+00,0.00E+00,0.00E+00,0.00E+00,0.00E+00,0.00E+00,-3.01E-01,0.00E+00,0.00E+00,0.00E+00,0.00E+00,0.00E+00,0.00E+00,0.00E+00,0.00E+00,0.00E+00,0.00E+00,0.00E+00,0.00E+00,0.00E+00,0.00E+00,0.00E+00,9.50E-01,1.51E-03,0.00E+00
44,-3.00E-01,3.54E-06,0.00E+00,0.00E+00,0.00E+00,-2.44E-06,-2.72E-06,-3.50E-09,0.00E+00,-1.10E-02,-1.59E-05,0.00E+00,0.00E+00,0.00E+00,1.58E-05,0.00E+00,0.00E+00,0.00E+00,0.00E+00,-3.03E-01,0.00E+00,0.00E+00,0.00E+00,0.00E+00,0.00E+00,0.00E+00,0.00E+00,0.00E+00,0.00E+00,0.00E+00,0.00E+00,0.00E+00,0.00E+00,0.00E+00,0.00E+00,0.00E+00,0.00E+00,0.00E+00,-3.03E-01,0.00E+00,0.00E+00,0.00E+00,0.00E+00,0.00E+00,0.00E+00,0.00E+00,0.00E+00,0.00E+00,0.00E+00,0.00E+00,0.00E+00,0.00E+00,0.00E+00,0.00E+00,9.48E-01,1.37E-03,0.00E+00
45,-3.00E-01,3.23E-06,0.00E+00,0.00E+00,0.00E+00,-2.45E-06,-2.75E-06,-3.41E-09,0.00E+00,-1.10E-02,-1.59E-05,0.00E+00,0.00E+00,0.00E+00,1.58E-05,0.00E+00,0.00E+00,0.00E+00,0.00E+00,-3.03E-01,0.00E+00,0.00E+00,0.00E+00,0.00E+00,0.00E+00,0.00E+00,0.00E+00,0.00E+00,0.00E+00,0.00E+00,0.00E+00,0.00E+00,0.00E+00,0.00E+00,0.00E+00,0.00E+00,0.00E+00,0.00E+00,-3.03E-01,0.00E+00,0.00E+00,0.00E+00,0.00E+00,0.00E+00,0.00E+00,0.00E+00,0.00E+00,0.00E+00,0.00E+00,0.00E+00,0.00E+00,0.00E+00,0.00E+00,0.00E+00,9.51E-01,1.36E-03,0.00E+00
46,-3.00E-01,3.02E-06,0.00E+00,0.00E+00,0.00E+00,-2.45E-06,-2.76E-06,-3.36E-09,0.00E+00,-1.10E-02,-1.61E-05,0.00E+00,0.00E+00,0.00E+00,1.58E-05,0.00E+00,0.00E+00,0.00E+00,0.00E+00,-3.03E-01,0.00E+00,0.00E+00,0.00E+00,0.00E+00,0.00E+00,0.00E+00,0.00E+00,0.00E+00,0.00E+00,0.00E+00,0.00E+00,0.00E+00,0.00E+00,0.00E+00,0.00E+00,0.00E+00,0.00E+00,0.00E+00,-3.03E-01,0.00E+00,0.00E+00,0.00E+00,0.00E+00,0.00E+00,0.00E+00,0.00E+00,0.00E+00,0.00E+00,0.00E+00,0.00E+00,0.00E+00,0.00E+00,0.00E+00,0.00E+00,9.52E-01,1.37E-03,0.00E+00
47,-3.00E-01,3.35E-06,0.00E+00,0.00E+00,0.00E+00,-2.48E-06,-2.75E-06,-3.56E-09,0.00E+00,-1.10E-02,-2.11E-05,0.00E+00,0.00E+00,0.00E+00,1.59E-05,0.00E+00,3.06E-09,0.00E+00,0.00E+00,-3.03E-01,0.00E+00,0.00E+00,0.00E+00,0.00E+00,0.00E+00,0.00E+00,0.00E+00,0.00E+00,0.00E+00,0.00E+00,0.00E+00,0.00E+00,0.00E+00,0.00E+00,0.00E+00,0.00E+00,0.00E+00,0.00E+00,-3.03E-01,0.00E+00,0.00E+00,0.00E+00,0.00E+00,0.00E+00,0.00E+00,0.00E+00,0.00E+00,0.00E+00,0.00E+00,0.00E+00,0.00E+00,0.00E+00,0.00E+00,0.00E+00,9.53E-01,1.49E-03,0.00E+00
48,-3.00E-01,8.61E-06,0.00E+00,0.00E+00,0.00E+00,-2.46E-06,-2.72E-06,-3.83E-09,0.00E+00,-1.09E-02,-1.65E-05,0.00E+00,0.00E+00,0.00E+00,1.59E-05,0.00E+00,0.00E+00,0.00E+00,0.00E+00,-3.06E-01,0.00E+00,0.00E+00,0.00E+00,0.00E+00,0.00E+00,0.00E+00,0.00E+00,0.00E+00,0.00E+00,0.00E+00,0.00E+00,0.00E+00,0.00E+00,0.00E+00,0.00E+00,0.00E+00,0.00E+00,0.00E+00,-3.06E-01,0.00E+00,0.00E+00,0.00E+00,0.00E+00,0.00E+00,0.00E+00,0.00E+00,0.00E+00,0.00E+00,0.00E+00,0.00E+00,0.00E+00,0.00E+00,0.00E+00,0.00E+00,9.45E-01,1.42E-03,0.00E+00
49,-3.00E-01,8.29E-06,0.00E+00,0.00E+00,0.00E+00,-2.46E-06,-2.71E-06,-3.72E-09,0.00E+00,-1.09E-02,-1.68E-05,0.00E+00,0.00E+00,0.00E+00,1.58E-05,0.00E+00,0.00E+00,0.00E+00,0.00E+00,-3.06E-01,0.00E+00,0.00E+00,0.00E+00,0.00E+00,0.00E+00,0.00E+00,0.00E+00,0.00E+00,0.00E+00,0.00E+00,0.00E+00,0.00E+00,0.00E+00,0.00E+00,0.00E+00,0.00E+00,0.00E+00,0.00E+00,-3.06E-01,0.00E+00,0.00E+00,0.00E+00,0.00E+00,0.00E+00,0.00E+00,0.00E+00,0.00E+00,0.00E+00,0.00E+00,0.00E+00,0.00E+00,0.00E+00,0.00E+00,0.00E+00,9.41E-01,1.42E-03,0.00E+00
50,-3.09E-01,8.09E-06,0.00E+00,0.00E+00,0.00E+00,-2.47E-06,0.00E+00,-3.67E-09,0.00E+00,9.76E-03,-1.70E-05,0.00E+00,0.00E+00,0.00E+00,1.58E-05,-9.22E-06,0.00E+00,0.00E+00,0.00E+00,-3.06E-01,0.00E+00,0.00E+00,0.00E+00,0.00E+00,0.00E+00,0.00E+00,0.00E+00,0.00E+00,0.00E+00,0.00E+00,0.00E+00,0.00E+00,0.00E+00,0.00E+00,0.00E+00,0.00E+00,0.00E+00,0.00E+00,-3.06E-01,0.00E+00,0.00E+00,0.00E+00,0.00E+00,0.00E+00,0.00E+00,0.00E+00,0.00E+00,0.00E+00,0.00E+00,0.00E+00,0.00E+00,0.00E+00,0.00E+00,0.00E+00,1.50E-01,1.43E-03,0.00E+00
51,-3.00E-01,8.33E-06,0.00E+00,0.00E+00,0.00E+00,-2.47E-06,-2.72E-06,-3.74E-09,0.00E+00,0.00E+00,-1.77E-05,0.00E+00,0.00E+00,0.00E+00,1.58E-05,-3.83E-06,0.00E+00,0.00E+00,0.00E+00,-3.06E-01,0.00E+00,0.00E+00,0.00E+00,0.00E+00,0.00E+00,0.00E+00,0.00E+00,-4.58E+00,0.00E+00,0.00E+00,0.00E+00,0.00E+00,0.00E+00,0.00E+00,0.00E+00,0.00E+00,0.00E+00,0.00E+00,-3.06E-01,0.00E+00,0.00E+00,0.00E+00,0.00E+00,0.00E+00,0.00E+00,0.00E+00,0.00E+00,0.00E+00,0.00E+00,0.00E+00,0.00E+00,0.00E+00,0.00E+00,0.00E+00,9.44E-01,1.48E-03,0.00E+00
52,-3.00E-01,1.47E-05,0.00E+00,0.00E+00,0.00E+00,-2.48E-06,-2.74E-06,-4.37E-09,0.00E+00,-1.11E-02,-1.89E-05,0.00E+00,0.00E+00,0.00E+00,1.59E-05,3.30E-08,0.00E+00,0.00E+00,0.00E+00,-3.09E-01,0.00E+00,0.00E+00,0.00E+00,0.00E+00,0.00E+00,0.00E+00,0.00E+00,0.00E+00,0.00E+00,0.00E+00,0.00E+00,0.00E+00,0.00E+00,0.00E+00,0.00E+00,0.00E+00,0.00E+00,0.00E+00,-3.09E-01,0.00E+00,0.00E+00,0.00E+00,0.00E+00,0.00E+00,0.00E+00,0.00E+00,0.00E+00,0.00E+00,0.00E+00,0.00E+00,0.00E+00,0.00E+00,0.00E+00,0.00E+00,9.55E-01,1.61E-03,0.00E+00
53,-3.00E-01,1.71E-05,0.00E+00,0.00E+00,0.00E+00,-2.48E-06,-2.71E-06,-4.83E-09,0.00E+00,-1.10E-02,-2.21E-05,0.00E+00,0.00E+00,0.00E+00,1.58E-05,0.00E+00,0.00E+00,0.00E+00,0.00E+00,-3.09E-01,0.00E+00,0.00E+00,0.00E+00,0.00E+00,0.00E+00,0.00E+00,0.00E+00,0.00E+00,0.00E+00,0.00E+00,0.00E+00,0.00E+00,0.00E+00,0.00E+00,0.00E+00,0.00E+00,0.00E+00,0.00E+00,-3.09E-01,0.00E+00,0.00E+00,0.00E+00,0.00E+00,0.00E+00,0.00E+00,0.00E+00,0.00E+00,0.00E+00,0.00E+00,0.00E+00,0.00E+00,0.00E+00,0.00E+00,0.00E+00,9.50E-01,1.89E-03,0.00E+00
54,-3.00E-01,2.39E-05,0.00E+00,0.00E+00,0.00E+00,-2.49E-06,-2.64E-06,-5.14E-09,0.00E+00,-1.10E-02,-2.31E-05,0.00E+00,0.00E+00,0.00E+00,1.57E-05,0.00E+00,0.00E+00,0.00E+00,0.00E+00,-3.11E-01,0.00E+00,0.00E+00,0.00E+00,0.00E+00,0.00E+00,0.00E+00,0.00E+00,0.00E+00,0.00E+00,0.00E+00,0.00E+00,0.00E+00,0.00E+00,0.00E+00,0.00E+00,0.00E+00,0.00E+00,0.00E+00,-3.11E-01,0.00E+00,0.00E+00,0.00E+00,0.00E+00,0.00E+00,0.00E+00,0.00E+00,0.00E+00,0.00E+00,0.00E+00,0.00E+00,0.00E+00,0.00E+00,0.00E+00,0.00E+00,9.46E-01,1.99E-03,0.00E+00
55,-3.00E-01,2.95E-05,0.00E+00,0.00E+00,0.00E+00,-2.50E-06,-2.39E-06,-4.37E-09,0.00E+00,-1.08E-02,-2.33E-05,0.00E+00,0.00E+00,0.00E+00,1.57E-05,0.00E+00,0.00E+00,0.00E+00,0.00E+00,-3.14E-01,0.00E+00,0.00E+00,0.00E+00,0.00E+00,0.00E+00,0.00E+00,0.00E+00,0.00E+00,0.00E+00,0.00E+00,0.00E+00,0.00E+00,0.00E+00,0.00E+00,0.00E+00,0.00E+00,0.00E+00,0.00E+00,-3.14E-01,0.00E+00,0.00E+00,0.00E+00,0.00E+00,0.00E+00,0.00E+00,0.00E+00,0.00E+00,0.00E+00,0.00E+00,0.00E+00,0.00E+00,0.00E+00,0.00E+00,0.00E+00,9.35E-01,2.01E-03,0.00E+00
50,-2.9993991292190819e-01,8.0891141495317899e-06,0.0000000000000000e+00,0.0000000000000000e+00,0.0000000000000000e+00,-2.4662253532865599e-06,-2.6882357927877391e-06,-3.6702961668356319e-09,0.0000000000000000e+00,-1.0625010594160753e-02,-1.7024692200479354e-05,0.0000000000000000e+00,0.0000000000000000e+00,0.0000000000000000e+00,1.5808371755731561e-05,-1.3204675698787510e-07,0.0000000000000000e+00,0.0000000000000000e+00,0.0000000000000000e+00,-3.0600619428958853e-01,0.0000000000000000e+00,0.0000000000000000e+00,0.0000000000000000e+00,0.0000000000000000e+00,0.0000000000000000e+00,0.0000000000000000e+00,0.0000000000000000e+00,0.0000000000000000e+00,0.0000000000000000e+00,0.0000000000000000e+00,0.0000000000000000e+00,0.0000000000000000e+00,0.0000000000000000e+00,0.0000000000000000e+00,0.0000000000000000e+00,0.0000000000000000e+00,0.0000000000000000e+00,0.0000000000000000e+00,-3.0600619428958853e-01,0.0000000000000000e+00,0.0000000000000000e+00,0.0000000000000000e+00,0.0000000000000000e+00,0.0000000000000000e+00,0.0000000000000000e+00,0.0000000000000000e+00,0.0000000000000000e+00,0.0000000000000000e+00,0.0000000000000000e+00,0.0000000000000000e+00,0.0000000000000000e+00,0.0000000000000000e+00,0.0000000000000000e+00,0.0000000000000000e+00,1.8664322855018038e+00,2.8531496228435252e-03,0.0000000000000000e+00
49,-2.9990227036704753e-01,8.2908491030606325e-06,0.0000000000000000e+00,0.0000000000000000e+00,0.0000000000000000e+00,-2.4596071206774943e-06,-2.6967389039765821e-06,-3.7231659093125474e-09,0.0000000000000000e+00,-1.0729189452000279e-02,-1.6776257914619254e-05,0.0000000000000000e+00,0.0000000000000000e+00,0.0000000000000000e+00,1.5819689777503499e-05,-9.9255252767885989e-08,0.0000000000000000e+00,0.0000000000000000e+00,0.0000000000000000e+00,-3.0600619428958853e-01,0.0000000000000000e+00,0.0000000000000000e+00,0.0000000000000000e+00,0.0000000000000000e+00,0.0000000000000000e+00,0.0000000000000000e+00,0.0000000000000000e+00,0.0000000000000000e+00,0.0000000000000000e+00,0.0000000000000000e+00,0.0000000000000000e+00,0.0000000000000000e+00,0.0000000000000000e+00,0.0000000000000000e+00,0.0000000000000000e+00,0.0000000000000000e+00,0.0000000000000000e+00,0.0000000000000000e+00,-3.0600619428958853e-01,0.0000000000000000e+00,0.0000000000000000e+00,0.0000000000000000e+00,0.0000000000000000e+00,0.0000000000000000e+00,0.0000000000000000e+00,0.0000000000000000e+00,0.0000000000000000e+00,0.0000000000000000e+00,0.0000000000000000e+00,0.0000000000000000e+00,0.0000000000000000e+00,0.0000000000000000e+00,0.0000000000000000e+00,0.0000000000000000e+00,1.8748340461035795e+00,2.8403513067246202e-03,0.0000000000000000e+00
40,-2.9977204312098721e-01,-1.2419024850386534e-06,0.0000000000000000e+00,0.0000000000000000e+00,7.2109910527331329e-07,-2.4203617925162285e-06,-2.7499084180088269e-06,-3.1461530330029601e-09,0.0000000000000000e+00,-1.1023079040092167e-02,-1.8354845800137956e-05,0.0000000000000000e+00,0.0000000000000000e+00,0.0000000000000000e+00,1.5825460793631752e-05,0.0000000000000000e+00,4.5494227762895335e-09,0.0000000000000000e+00,0.0000000000000000e+00,-3.0059026243608783e-01,0.0000000000000000e+00,0.0000000000000000e+00,0.0000000000000000e+00,0.0000000000000000e+00,0.0000000000000000e+00,0.0000000000000000e+00,0.0000000000000000e+00,0.0000000000000000e+00,0.0000000000000000e+00,0.0000000000000000e+00,0.0000000000000000e+00,0.0000000000000000e+00,0.0000000000000000e+00,0.0000000000000000e+00,0.0000000000000000e+00,0.0000000000000000e+00,0.0000000000000000e+00,0.0000000000000000e+00,-3.0059026243608783e-01,0.0000000000000000e+00,0.0000000000000000e+00,0.0000000000000000e+00,0.0000000000000000e+00,0.0000000000000000e+00,0.0000000000000000e+00,0.0000000000000000e+00,0.0000000000000000e+00,0.0000000000000000e+00,0.0000000000000000e+00,0.0000000000000000e+00,0.0000000000000000e+00,0.0000000000000000e+00,0.0000000000000000e+00,0.0000000000000000e+00,1.9030563252540791e+00,2.5269899329746753e-03,0.0000000000000000e+00
40,-2.9977204312098721e-01,-2.0146161021739305e-06,0.0000000000000000e+00,0.0000000000000000e+00,0.0000000000000000e+00,-2.4203617925162285e-06,-2.7499084180088269e-06,-2.8245275632805179e-09,0.0000000000000000e+00,-1.1023079040092167e-02,-1.4821169487633632e-05,0.0000000000000000e+00,0.0000000000000000e+00,0.0000000000000000e+00,1.5825460793631752e-05,0.0000000000000000e+00,0.0000000000000000e+00,0.0000000000000000e+00,0.0000000000000000e+00,-3.0059026243608783e-01,0.0000000000000000e+00,0.0000000000000000e+00,0.0000000000000000e+00,0.0000000000000000e+00,0.0000000000000000e+00,0.0000000000000000e+00,0.0000000000000000e+00,0.0000000000000000e+00,0.0000000000000000e+00,0.0000000000000000e+00,0.0000000000000000e+00,0.0000000000000000e+00,0.0000000000000000e+00,0.0000000000000000e+00,0.0000000000000000e+00,0.0000000000000000e+00,0.0000000000000000e+00,0.0000000000000000e+00,-3.0059026243608783e-01,0.0000000000000000e+00,0.0000000000000000e+00,0.0000000000000000e+00,0.0000000000000000e+00,0.0000000000000000e+00,0.0000000000000000e+00,0.0000000000000000e+00,0.0000000000000000e+00,0.0000000000000000e+00,0.0000000000000000e+00,0.0000000000000000e+00,0.0000000000000000e+00,0.0000000000000000e+00,0.0000000000000000e+00,0.0000000000000000e+00,1.9030563252540791e+00,2.5371349900318416e-03,0.0000000000000000e+00
50,-2.9981967571695017e-01,4.1141336877177715e-06,0.0000000000000000e+00,0.0000000000000000e+00,0.0000000000000000e+00,-2.4662049174279640e-06,-2.7223956053275549e-06,-2.5328688512515840e-09,0.0000000000000000e+00,-1.0809458028402883e-02,-1.3192287790050813e-05,0.0000000000000000e+00,0.0000000000000000e+00,0.0000000000000000e+00,1.5807499872915307e-05,-5.0731425715069535e-08,0.0000000000000000e+00,0.0000000000000000e+00,0.0000000000000000e+00,-3.0600619428958853e-01,0.0000000000000000e+00,0.0000000000000000e+00,0.0000000000000000e+00,0.0000000000000000e+00,0.0000000000000000e+00,0.0000000000000000e+00,0.0000000000000000e+00,0.0000000000000000e+00,0.0000000000000000e+00,0.0000000000000000e+00,0.0000000000000000e+00,0.0000000000000000e+00,0.0000000000000000e+00,0.0000000000000000e+00,0.0000000000000000e+00,0.0000000000000000e+00,0.0000000000000000e+00,0.0000000000000000e+00,-3.0600619428958853e-01,0.0000000000000000e+00,0.0000000000000000e+00,0.0000000000000000e+00,0.0000000000000000e+00,0.0000000000000000e+00,0.0000000000000000e+00,0.0000000000000000e+00,0.0000000000000000e+00,0.0000000000000000e+00,0.0000000000000000e+00,0.0000000000000000e+00,0.0000000000000000e+00,0.0000000000000000e+00,0.0000000000000000e+00,0.0000000000000000e+00,1.8801998875750909e+00,2.2141025971316244e-03,0.0000000000000000e+00
51,-3.0963978375513829e-01,1.5253245243487252e-02,0.0000000000000000e+00,0.0000000000000000e+00,0.0000000000000000e+00,-2.4709262052233135e-06,0.0000000000000000e+00,-1.6460508268282135e-06,0.0000000000000000e+00,5.5898874791112454e-03,5.1706284081818442e-05,0.0000000000000000e+00,0.0000000000000000e+00,0.0000000000000000e+00,1.5816711854293372e-05,-5.6906851906496525e-06,-1.9735248603036313e-08,0.0000000000000000e+00,0.0000000000000000e+00,-6.7274149268619494e+00,0.0000000000000000e+00,0.0000000000000000e+00,0.0000000000000000e+00,0.0000000000000000e+00,0.0000000000000000e+00,0.0000000000000000e+00,0.0000000000000000e+00,0.0000000000000000e+00,0.0000000000000000e+00,0.0000000000000000e+00,0.0000000000000000e+00,0.0000000000000000e+00,0.0000000000000000e+00,0.0000000000000000e+00,0.0000000000000000e+00,0.0000000000000000e+00,0.0000000000000000e+00,0.0000000000000000e+00,-3.0600619428958853e-01,0.0000000000000000e+00,0.0000000000000000e+00,0.0000000000000000e+00,0.0000000000000000e+00,0.0000000000000000e+00,0.0000000000000000e+00,0.0000000000000000e+00,0.0000000000000000e+00,0.0000000000000000e+00,0.0000000000000000e+00,0.0000000000000000e+00,0.0000000000000000e+00,0.0000000000000000e+00,0.0000000000000000e+00,0.0000000000000000e+00,2.8442901990540992e-01,-3.6902018094509235e-03,0.0000000000000000e+00
51,-3.0963978375513829e-01,0.0000000000000000e+00,0.0000000000000000e+00,0.0000000000000000e+00,0.0000000000000000e+00,-2.4709262052233135e-06,0.0000000000000000e+00,-1.4604931326526939e-09,0.0000000000000000e+00,5.5898874791112454e-03,-1.0335741433307189e-05,0.0000000000000000e+00,0.0000000000000000e+00,0.0000000000000000e+00,1.5816711854293372e-05,-5.6906851906496525e-06,0.0000000000000000e+00,0.0000000000000000e+00,0.0000000000000000e+00,-3.0600619428958853e-01,0.0000000000000000e+00,0.0000000000000000e+00,0.0000000000000000e+00,0.0000000000000000e+00,0.0000000000000000e+00,0.0000000000000000e+00,0.0000000000000000e+00,0.0000000000000000e+00,0.0000000000000000e+00,0.0000000000000000e+00,0.0000000000000000e+00,0.0000000000000000e+00,0.0000000000000000e+00,0.0000000000000000e+00,0.0000000000000000e+00,0.0000000000000000e+00,0.0000000000000000e+00,0.0000000000000000e+00,-3.0600619428958853e-01,0.0000000000000000e+00,0.0000000000000000e+00,0.0000000000000000e+00,0.0000000000000000e+00,0.0000000000000000e+00,0.0000000000000000e+00,0.0000000000000000e+00,0.0000000000000000e+00,0.0000000000000000e+00,0.0000000000000000e+00,0.0000000000000000e+00,0.0000000000000000e+00,0.0000000000000000e+00,0.0000000000000000e+00,0.0000000000000000e+00,2.8442901990540992e-01,1.7319827405264878e-03,0.0000000000000000e+00
51,-3.0963978375513829e-01,1.5253245243487252e-02,0.0000000000000000e+00,0.0000000000000000e+00,0.0000000000000000e+00,-2.4709262052233135e-06,0.0000000000000000e+00,-1.6460508268282135e-06,0.0000000000000000e+00,5.5898874791112454e-03,5.1706284081818442e-05,0.0000000000000000e+00,0.0000000000000000e+00,0.0000000000000000e+00,1.5816711854293372e-05,-5.6906851906496525e-06,-1.9735248603036313e-08,0.0000000000000000e+00,0.0000000000000000e+00,-6.7274149268619494e+00,0.0000000000000000e+00,0.0000000000000000e+00,0.0000000000000000e+00,0.0000000000000000e+00,0.0000000000000000e+00,0.0000000000000000e+00,0.0000000000000000e+00,0.0000000000000000e+00,0.0000000000000000e+00,0.0000000000000000e+00,0.0000000000000000e+00,0.0000000000000000e+00,0.0000000000000000e+00,0.0000000000000000e+00,0.0000000000000000e+00,0.0000000000000000e+00,0.0000000000000000e+00,0.0000000000000000e+00,-3.0600619428958853e-01,0.0000000000000000e+00,0.0000000000000000e+00,0.0000000000000000e+00,0.0000000000000000e+00,0.0000000000000000e+00,0.0000000000000000e+00,0.0000000000000000e+00,0.0000000000000000e+00,0.0000000000000000e+00,0.0000000000000000e+00,0.0000000000000000e+00,0.0000000000000000e+00,0.0000000000000000e+00,0.0000000000000000e+00,0.0000000000000000e+00,2.8442901990540992e-01,-3.6902018094509235e-03,0.0000000000000000e+00
54,-2.9990450318339734e-01,1.6706942824606983e-05,0.0000000000000000e+00,0.0000000000000000e+00,0.0000000000000000e+00,-2.4858072380553068e-06,-2.6338127213208548e-06,-2.0841651343170443e-09,0.0000000000000000e+00,-1.0945855217497255e-02,-1.9163529116231579e-05,0.0000000000000000e+00,0.0000000000000000e+00,0.0000000000000000e+00,1.5729604993907163e-05,0.0000000000000000e+00,0.0000000000000000e+00,0.0000000000000000e+00,0.0000000000000000e+00,-3.1147048267749544e-01,0.0000000000000000e+00,0.0000000000000000e+00,0.0000000000000000e+00,0.0000000000000000e+00,0.0000000000000000e+00,0.0000000000000000e+00,0.0000000000000000e+00,0.0000000000000000e+00,0.0000000000000000e+00,0.0000000000000000e+00,0.0000000000000000e+00,0.0000000000000000e+00,0.0000000000000000e+00,0.0000000000000000e+00,0.0000000000000000e+00,0.0000000000000000e+00,0.0000000000000000e+00,0.0000000000000000e+00,-3.1147048267749544e-01,0.0000000000000000e+00,0.0000000000000000e+00,0.0000000000000000e+00,0.0000000000000000e+00,0.0000000000000000e+00,0.0000000000000000e+00,0.0000000000000000e+00,0.0000000000000000e+00,0.0000000000000000e+00,0.0000000000000000e+00,0.0000000000000000e+00,0.0000000000000000e+00,0.0000000000000000e+00,0.0000000000000000e+00,0.0000000000000000e+00,1.8894322000930406e+00,3.3090291438639748e-03,0.0000000000000000e+00
51,-2.9970094638373945e-01,3.7483760765927113e-06,0.0000000000000000e+00,0.0000000000000000e+00,0.0000000000000000e+00,-2.4709262052233135e-06,-2.7554343603328654e-06,-2.4821704516004432e-09,0.0000000000000000e+00,-1.1731054658121380e-02,-1.3494040741724034e-05,0.0000000000000000e+00,0.0000000000000000e+00,0.0000000000000000e+00,1.5816711854293372e-05,2.7580582183345243e-07,0.0000000000000000e+00,0.0000000000000000e+00,0.0000000000000000e+00,-3.0600619428958853e-01,0.0000000000000000e+00,0.0000000000000000e+00,0.0000000000000000e+00,0.0000000000000000e+00,0.0000000000000000e+00,0.0000000000000000e+00,0.0000000000000000e+00,2.7361481949256755e-01,0.0000000000000000e+00,0.0000000000000000e+00,0.0000000000000000e+00,0.0000000000000000e+00,0.0000000000000000e+00,0.0000000000000000e+00,0.0000000000000000e+00,0.0000000000000000e+00,0.0000000000000000e+00,0.0000000000000000e+00,-3.0600619428958853e-01,0.0000000000000000e+00,0.0000000000000000e+00,0.0000000000000000e+00,0.0000000000000000e+00,0.0000000000000000e+00,0.0000000000000000e+00,0.0000000000000000e+00,0.0000000000000000e+00,0.0000000000000000e+00,0.0000000000000000e+00,0.0000000000000000e+00,0.0000000000000000e+00,0.0000000000000000e+00,0.0000000000000000e+00,0.0000000000000000e+00,1.9070349899568180e+00,2.2552248866445782e-03,0.0000000000000000e+00
51,-2.9970094638373945e-01,3.7483760765927113e-06,0.0000000000000000e+00,0.0000000000000000e+00,0.0000000000000000e+00,-2.4709262052233135e-06,-2.7554343603328654e-06,-2.4821704516004432e-09,0.0000000000000000e+00,-1.1731054658121380e-02,-1.3494040741724034e-05,0.0000000000000000e+00,0.0000000000000000e+00,0.0000000000000000e+00,1.5816711854293372e-05,2.7580582183345243e-07,0.0000000000000000e+00,0.0000000000000000e+00,0.0000000000000000e+00,-3.0600619428958853e-01,0.0000000000000000e+00,0.0000000000000000e+00,0.0000000000000000e+00,0.0000000000000000e+00,0.0000000000000000e+00,0.0000000000000000e+00,0.0000000000000000e+00,2.7361481949256755e-01,0.0000000000000000e+00,0.0000000000000000e+00,0.0000000000000000e+00,0.0000000000000000e+00,0.0000000000000000e+00,0.0000000000000000e+00,0.0000000000000000e+00,0.0000000000000000e+00,0.0000000000000000e+00,0.0000000000000000e+00,-3.0600619428958853e-01,0.0000000000000000e+00,0.0000000000000000e+00,0.0000000000000000e+00,0.0000000000000000e+00,0.0000000000000000e+00,0.0000000000000000e+00,0.0000000000000000e+00,0.0000000000000000e+00,0.0000000000000000e+00,0.0000000000000000e+00,0.0000000000000000e+00,0.0000000000000000e+00,0.0000000000000000e+00,0.0000000000000000e+00,0.0000000000000000e+00,1.9070349899568180e+00,2.2552248866445782e-03,0.0000000000000000e+00
56,-2.9970626055014782e-01,-1.4571920001415470e-06,0.0000000000000000e+00,0.0000000000000000e+00,7.3028955566896190e-06,-2.4709262052233135e-06,-2.7538067307034730e-06,-1.2618043532691573e-10,0.0000000000000000e+00,-1.1070696438290230e-02,5.3665818522301300e-07,0.0000000000000000e+00,0.0000000000000000e+00,-2.4524729567205085e-05,1.5816711854293372e-05,4.5405011662868247e-08,3.1010399025453372e-09,0.0000000000000000e+00,0.0000000000000000e+00,-3.0600619428958853e-01,0.0000000000000000e+00,0.0000000000000000e+00,0.0000000000000000e+00,0.0000000000000000e+00,0.0000000000000000e+00,0.0000000000000000e+00,0.0000000000000000e+00,0.0000000000000000e+00,0.0000000000000000e+00,0.0000000000000000e+00,0.0000000000000000e+00,0.0000000000000000e+00,0.0000000000000000e+00,0.0000000000000000e+00,0.0000000000000000e+00,0.0000000000000000e+00,0.0000000000000000e+00,0.0000000000000000e+00,-3.0600619428958853e-01,0.0000000000000000e+00,0.0000000000000000e+00,0.0000000000000000e+00,0.0000000000000000e+00,0.0000000000000000e+00,0.0000000000000000e+00,0.0000000000000000e+00,0.0000000000000000e+00,0.0000000000000000e+00,0.0000000000000000e+00,0.0000000000000000e+00,0.0000000000000000e+00,0.0000000000000000e+00,0.0000000000000000e+00,0.0000000000000000e+00,1.9059419708496452e+00,0.0000000000000000e+00,0.0000000000000000e+00
56,-2.9973788066854679e-01,0.0000000000000000e+00,0.0000000000000000e+00,0.0000000000000000e+00,0.0000000000000000e+00,-2.4709262052233135e-06,-2.7449137953296901e-06,-1.4604931326526939e-09,0.0000000000000000e+00,-1.0979333112996391e-02,-1.0335741433307189e-05,0.0000000000000000e+00,0.0000000000000000e+00,0.0000000000000000e+00,1.5816711854293372e-05,0.0000000000000000e+00,0.0000000000000000e+00,0.0000000000000000e+00,0.0000000000000000e+00,-3.0600619428958853e-01,0.0000000000000000e+00,0.0000000000000000e+00,0.0000000000000000e+00,0.0000000000000000e+00,0.0000000000000000e+00,0.0000000000000000e+00,0.0000000000000000e+00,0.0000000000000000e+00,0.0000000000000000e+00,0.0000000000000000e+00,0.0000000000000000e+00,0.0000000000000000e+00,0.0000000000000000e+00,0.0000000000000000e+00,0.0000000000000000e+00,0.0000000000000000e+00,0.0000000000000000e+00,0.0000000000000000e+00,-3.0600619428958853e-01,0.0000000000000000e+00,0.0000000000000000e+00,0.0000000000000000e+00,0.0000000000000000e+00,0.0000000000000000e+00,0.0000000000000000e+00,0.0000000000000000e+00,0.0000000000000000e+00,0.0000000000000000e+00,0.0000000000000000e+00,0.0000000000000000e+00,0.0000000000000000e+00,0.0000000000000000e+00,0.0000000000000000e+00,0.0000000000000000e+00,1.8998094813675164e+00,1.7319827405264878e-03,0.0000000000000000e+00
14,-2.9979971394058064e-01,1.4681804297400608e-06,0.0000000000000000e+00,0.0000000000000000e+00,0.0000000000000000e+00,-2.4022683543750302e-06,-2.7304725149031794e-06,-5.4534813690524714e-09,0.0000000000000000e+00,-1.0998350578490676e-02,-2.4503004748088881e-05,0.0000000000000000e+00,0.0000000000000000e+00,0.0000000000000000e+00,1.5744965544982940e-05,0.0000000000000000e+00,0.0000000000000000e+00,0.0000000000000000e+00,0.0000000000000000e+00,-3.0059026243608783e-01,0.0000000000000000e+00,0.0000000000000000e+00,0.0000000000000000e+00,0.0000000000000000e+00,0.0000000000000000e+00,0.0000000000000000e+00,0.0000000000000000e+00,0.0000000000000000e+00,0.0000000000000000e+00,0.0000000000000000e+00,0.0000000000000000e+00,0.0000000000000000e+00,0.0000000000000000e+00,0.0000000000000000e+00,0.0000000000000000e+00,0.0000000000000000e+00,0.0000000000000000e+00,0.0000000000000000e+00,-3.0059026243608783e-01,0.0000000000000000e+00,0.0000000000000000e+00,0.0000000000000000e+00,0.0000000000000000e+00,0.0000000000000000e+00,0.0000000000000000e+00,0.0000000000000000e+00,0.0000000000000000e+00,0.0000000000000000e+00,0.0000000000000000e+00,0.0000000000000000e+00,0.0000000000000000e+00,0.0000000000000000e+00,0.0000000000000000e+00,0.0000000000000000e+00,1.9016798295130271e+00,4.2016047500850143e-03,0.0000000000000000e+00
